sgrna	seq
PBANKA_0915400gRNA1	ATTATGTTATTAATACTTAA
PBANKA_0915400gRNA2	TAACATAATTAAAGCAAATA
PBANKA_0930600gRNA1	GGTGCGGGAATAGTTATTGG
PBANKA_0930600gRNA2	TCTCGAAGGTTAGTTGCTGT
PBANKA_1015100gRNA1	TATTTGCTTGGATATTATCG
PBANKA_1015100gRNA2	TATGAATTTCGAAAGTTTGG
PBANKA_1016900gRNA1	CAAAACCAAGTACACATTTG
PBANKA_1016900gRNA2	TTGGCTAAAAGCTTGTGAAA
PBANKA_1017200gRNA1	AATGTGCTACAATATTTAGC
PBANKA_1017200gRNA2	TATGTAGCATCGATATCGTA
PBANKA_1035000gRNA1	TTGGTGTTTAAGGATTTCGT
PBANKA_1035000gRNA2	CGAATGCAACTTGGTGTTTA
PBANKA_1037300gRNA1	AATATATGTTCGTTAATTCC
PBANKA_1037300gRNA2	CTCTCAAGAAGCTATTCATA
PBANKA_1120000gRNA1	CAAACACGGAGAAATAGATG
PBANKA_1120000gRNA2	GCAAACTGTTAAAACCGAAG
PBANKA_1134700gRNA1	CTGCCCATGGATTAGCTCAA
PBANKA_1134700gRNA2	TATCACTGCTACAACACATG
PBANKA_1135300gRNA1	TTTCGACGATAGTATCTTCT
PBANKA_1135300gRNA2	TCTTGGTCGCTACCTGAGTC
PBANKA_1201300gRNA1	AAAATCGAGGGTGTTAAAAG
PBANKA_1201300gRNA2	GGGTGTTAAAAGTGGCGATC
PBANKA_1206000gRNA1	TATATAGAAGGATTGACTGG
PBANKA_1206000gRNA2	TCGGGCCAATATTATATTAG
PBANKA_1211700gRNA1	TAATTAGTCTTCGTATCTTG
PBANKA_1211700gRNA2	AATGGAACATACGAAACGAA
PBANKA_1237100gRNA1	ATAGTGGCAGCTAATCCTAG
PBANKA_1237100gRNA2	TGTTTGTAGTGGTTTATTCG
PBANKA_1321900gRNA1	AAATGATACTATACCTACAG
PBANKA_1321900gRNA2	GAGCAGGACATAAAACCCAA
PBANKA_1327080gRNA1	CAATGCATGCTAAATGTGTT
PBANKA_1327080gRNA2	TATGAAATTAAATGAAATTG
PBANKA_1329900gRNA1	ATGAAATGGTGCCTTCACAA
PBANKA_1329900gRNA2	TATTGAAGGAACAATAATTC
PBANKA_1345100gRNA1	GAAAGCCAAAGAAATGATGA
PBANKA_1345100gRNA2	TTTGTAACCTATAAAAGGTG
PBANKA_1354800gRNA1	ATCTTATTAAACATCACACG
PBANKA_1354800gRNA2	AACAGAATTAGGCTATAATA
PBANKA_1360200gRNA1	AGTGAAGAAGCAAAGTATAC
PBANKA_1360200gRNA2	GACGATGTGCTAAGTAGCAA
PBANKA_1408700gRNA1	CCTTTCGCTTGGTATGCATC
PBANKA_1408700gRNA2	AGTTTAGTATGCCTTTCGCT
PBANKA_1436400gRNA1	TAAACCCTCAAGGTCACCTG
PBANKA_1436400gRNA2	ACAATACAAGTAAACCCTCA
PBANKA_1437100gRNA1	CATCTGATTCATATGGGTTC
PBANKA_1437100gRNA2	TGCAGGTGTATCAACATATG
PBANKA_1437900gRNA1	CCAAAATCGTCAAACTCCGT
PBANKA_1437900gRNA2	ATCGACACAACCAATGTTCA
PBANKA_1452500gRNA1	GCTACTTCTGATTCTTCTGC
PBANKA_1452500gRNA2	AGAAGTAGAAGCTGAAGTAC
PBANKA_1464000gRNA1	CTTGGAATAATTTGTGCTTG
PBANKA_1464000gRNA2	ACTAGTCATAATAATTTCAA
PBANKA_1234100gRNA1	TTTGGATATTTCATGCTAGG
PBANKA_1234100gRNA2	GCTGCACATCCCATTAGCAT
PBANKA_0605000gRNA1	TGTTTGATTCGCTCTTTATC
PBANKA_0605000gRNA2	TATATTCGGAAAAACTTCCA
PBANKA_0514600gRNA1	GAAGGAAGCGCTAATAAGTT
PBANKA_0514600gRNA2	GGTGCTATGATTGCTTATAC
PBANKA_1140700gRNA1	CAGTGCATTCTGCTGATTGG
PBANKA_1140700gRNA2	TATATATAAAGGCTCATTCG
PBANKA_0306400gRNA1	GGTGCAGGTTCATATGATTT
PBANKA_0306400gRNA2	AATGGAATGCGAATAGGGCA
PBANKA_1111400gRNA1	AGATGCTGATTATTGTAAAG
PBANKA_1111400gRNA2	TAACTGATATTATAGTATTA
PBANKA_0828100gRNA1	GCTGGGCCTGCATAATATAT
PBANKA_0828100gRNA2	GGAATAGGTGCACAATTTGG
PBANKA_1344400gRNA1	CATCAGAATCGGGATCCCAA
PBANKA_1344400gRNA2	AAACATCAAAGGATCATCAG
PBANKA_0719300gRNA1	TAAGGGAATTGGAAATGCGG
PBANKA_0719300gRNA2	TATGGGAAGCTAATGGAACA
PBANKA_1127700gRNA1	ATTGGTATACGAATCGATTC
PBANKA_1127700gRNA2	GACCTAATGATGGCTGTGAT
PBANKA_1435100gRNA1	GGAGGGCCAAATGACAAATT
PBANKA_1435100gRNA2	GACAGTAGAACCTGGATTTG
PBANKA_1416700gRNA1	ACAGTGAACGGGCGTGACAG
PBANKA_1416700gRNA2	ATATGGGTAGCACCAAGTGG
PBANKA_0304000gRNA1	TTGCTGAACTGATACTAAGG
PBANKA_0304000gRNA2	TTACGGGAAATATAGACAAA
PBANKA_0306200gRNA1	ATTCTATCTCTTGACAGTGG
PBANKA_0306200gRNA2	GTACGTACTCATATGGCTCT
PBANKA_1360100gRNA1	CTAGTTGGTAACAACACTCT
PBANKA_1360100gRNA2	AATCATCGCAAAAATCGGCA
PBANKA_0824700gRNA1	TGAGTGACTTCACCTGCATT
PBANKA_0824700gRNA2	CAAGGTGTAACATTTATGTG
PBANKA_1127600gRNA1	TATGAATTCAGTTAGTAAGG
PBANKA_1127600gRNA2	CTATCACAATCGTTTATTTC
PBANKA_1027000gRNA1	CATGGACCACGAATGTTAGG
PBANKA_1027000gRNA2	AATTGGTATACAAACATCCG
PBANKA_1028900gRNA1	TTAGGGGATGTTACATATGG
PBANKA_1028900gRNA2	AATTGGCTTTAATTCTGTTG
PBANKA_1207300gRNA1	TATCATTGGACTAGGGTTAG
PBANKA_1207300gRNA2	ACTAGGGTTAGGGGATGAAA
PBANKA_0506700gRNA1	TGTGTATATCGACTGATTTG
PBANKA_0506700gRNA2	ACACCTAATAATGTGATTGG
PBANKA_1112400gRNA1	ATAGATGATGTATTTACTTG
PBANKA_1112400gRNA2	TTATTTGGAGCATCGTATAA	
PBANKA_1013300gRNA1	ATTGATTCAAAAAAAAAACG
PBANKA_1013300gRNA2	CAGATTATGTAGCAACACGT
PBANKA_1037800gRNA1	TCGTGAAGATGCCTTAACAT
PBANKA_1037800gRNA2	TAGTCCCTTTGCATGTGCGG
PBANKA_0515000gRNA1	ATATTACAAGAGCATATTGG
PBANKA_1401600gRNA1	ATTGTCGCTTCATATGCTGG
PBANKA_1401600gRNA2	GTACTAGTCATAATTTCATG
PBANKA_1034400gRNA1	TGACATAAAACTATTCTGAG
PBANKA_1034400gRNA2	AAAGAGTCAAATTACTCCAA
PBANKA_1104200gRNA1	TGGGGTGCAGTAGGACATGG
PBANKA_1104200gRNA2	AAAAATAAAATAATTCAAGG
